{"cameraMode":{"drawMode":0,"name":"Shaded","section":"Shading Mode"},"sceneLighting":false,"audioPlay":false,"sceneViewState":{"showFog":true,"showMaterialUpdate":false,"showSkybox":false,"showFlares":true,"showImageEffects":true,"showParticleSystems":true},"in2DMode":false,"pivot":{"x":5.960464477539063e-8,"y":0.8175294399261475,"z":0.005302906036376953},"rotation":{"x":-0.12694929540157319,"y":-0.2177361100912094,"z":0.02860885299742222,"w":-0.9673140645027161},"size":6.959354877471924,"orthographic":false}