{"cameraMode":{"drawMode":0,"name":"Shaded","section":"Shading Mode"},"sceneLighting":true,"audioPlay":false,"sceneViewState":{"showFog":true,"showMaterialUpdate":false,"showSkybox":true,"showFlares":true,"showImageEffects":true,"showParticleSystems":true},"in2DMode":false,"pivot":{"x":1.8061308860778809,"y":-0.5658775568008423,"z":-2.189523696899414},"rotation":{"x":0.3339395523071289,"y":0.010176233015954495,"z":-0.0036051853094249965,"w":0.9425341486930847},"size":0.8744056820869446,"orthographic":false}