{"cameraMode":{"drawMode":0,"name":"Shaded","section":"Shading Mode"},"sceneLighting":false,"audioPlay":false,"sceneViewState":{"showFog":true,"showMaterialUpdate":false,"showSkybox":false,"showFlares":true,"showImageEffects":true,"showParticleSystems":true},"in2DMode":false,"pivot":{"x":-0.15497376024723054,"y":-0.07755614817142487,"z":-0.03870874643325806},"rotation":{"x":0.08692505955696106,"y":-0.07912185043096543,"z":0.006927127949893475,"w":0.9930647611618042},"size":4.800057411193848,"orthographic":false}