{"cameraMode":{"drawMode":0,"name":"Shaded","section":"Shading Mode"},"sceneLighting":false,"audioPlay":false,"sceneViewState":{"showFog":true,"showMaterialUpdate":false,"showSkybox":false,"showFlares":true,"showImageEffects":true,"showParticleSystems":true},"in2DMode":false,"pivot":{"x":-2.8964052200317385,"y":1.4344959259033204,"z":3.1848409175872804},"rotation":{"x":0.0917573794722557,"y":0.7720824480056763,"z":-0.1145654246211052,"w":0.6183776259422302},"size":2.568664312362671,"orthographic":false}