{"cameraMode":{"drawMode":0,"name":"Shaded","section":"Shading Mode"},"sceneLighting":false,"audioPlay":false,"sceneViewState":{"showFog":true,"showMaterialUpdate":false,"showSkybox":false,"showFlares":true,"showImageEffects":true,"showParticleSystems":true},"in2DMode":false,"pivot":{"x":3.443528890609741,"y":-2.5981149673461916,"z":3.7197751998901369},"rotation":{"x":0.27507442235946658,"y":-0.2597719430923462,"z":0.07747266441583634,"w":0.9224400520324707},"size":7.398001194000244,"orthographic":false}